age_group,pct_visitors
18-24,27.373210258561915
25-34,24.129273464250126
35-44,18.717867070256013
45-54,13.568618930238483
55-64,9.8170361657014
65+,6.3939941109920655
